"run","threshold_cy","overlap_samples","spikes","irq_spikes","clean_spikes","systick_spikes","tim2_spikes","max_irq_spike_cy","max_clean_spike_cy"
"1","128","0","0","0","0","0","0","0","0"
"2","128","1","1","1","0","1","0","508","0"
"3","128","0","0","0","0","0","0","0","0"
"4","128","2","2","2","0","2","0","510","0"
"5","128","0","0","0","0","0","0","0","0"
"6","128","0","0","0","0","0","0","0","0"
"7","128","1","1","1","0","1","0","510","0"
"8","128","1","1","1","0","1","0","508","0"
"9","128","0","0","0","0","0","0","0","0"
"10","128","0","0","0","0","0","0","0","0"
